<?xml version="1.0" encoding="UTF-8"?> 
<!DOCTYPE configuration PUBLIC "-//mybatis.org//DTD Config 3.0//EN" "http://mybatis.org/dtd/mybatis-3-config.dtd"> 
<configuration> 
	<settings> 
		<!-- 오라클 필드 속성이 READ_COUNT 처럼 언더 스코어가 있을 때 VO 의 readCount 처럼 카멜 케이스로 변환 되게 합니다. --> 
		<setting name="mapUnderscoreToCamelCase" value="false"/>
	</settings> 
	<typeAliases> 
		<typeAlias alias="PstationVO" type="lab.project.outliers.model.PstationVO"/>
		<typeAlias alias="CCTVVO" type="lab.project.outliers.model.CCTVVO"/>
		<typeAlias alias="GuCrimeVO" type="lab.project.outliers.model.GuCrimeVO"/>
	</typeAliases> 
</configuration>

