<?xml version="1.0" encoding="UTF-8"?> 
<!DOCTYPE mapper 
	PUBLIC "-//mybatis.org//DTD Mapper 3.0//EN" 
	"http://mybatis.org/dtd/mybatis-3-mapper.dtd"
> 

<mapper namespace="lab.project.outliers.dao.ISpotDAO">
	
	
	<select id="getStationById" resultType="PstationVO" parameterType="string"> 
		select * from prj_pstations where ps_id = #{ps_id}
	</select>
	
	<select id="getStationsAll" resultType="PstationVO"> 
		select * from prj_pstations order by ps_id
	</select>
	
	<select id="getStationsInRect" resultType="PstationVO" parameterType="hashmap"> 
		select * from prj_pstations
		where 
			( longitude between #{left} and #{right} )
			and
			( latitude between #{bottom} and #{top} )
		order by ps_id
	</select>
	
	<select id="getCCTVsInRect" resultType="CCTVVO" parameterType="hashmap"> 
		select * from prj_cctvs
		where 
			( longitude between #{left} and #{right} )
			and
			( latitude between #{bottom} and #{top} )
		order by cctv_id
	</select>
	
	
	
</mapper>

